{"Chapters":[],"Artists":[],"AlbumArtists":[],"Studios":[],"Genres":[],"People":[],"ProviderIds":{},"Protocol":"Http","Path":"https://admin:256851Murat!@acelink.mooo.com/ace/getstream?id=118416583faa3fb4f03800173429b6b844b43a52","Type":"Default","Container":"ts","IsRemote":false,"ReadAtNativeFramerate":false,"IgnoreDts":false,"IgnoreIndex":false,"GenPtsInput":false,"SupportsTranscoding":true,"SupportsDirectStream":true,"SupportsDirectPlay":true,"IsInfiniteStream":false,"UseMostCompatibleTranscodingProfile":false,"RequiresOpening":false,"RequiresClosing":false,"RequiresLooping":false,"SupportsProbing":true,"MediaStreams":[{"Codec":"h264","ColorRange":"tv","ColorSpace":"bt709","ColorTransfer":"bt709","ColorPrimaries":"bt709","TimeBase":"1/90000","VideoRange":"SDR","VideoRangeType":"SDR","AudioSpatialFormat":"None","DisplayTitle":"720p H264 SDR","NalLengthSize":"0","IsInterlaced":false,"IsAVC":false,"BitDepth":8,"RefFrames":1,"IsDefault":false,"IsForced":false,"IsHearingImpaired":false,"Height":720,"Width":1280,"AverageFrameRate":25,"RealFrameRate":25,"ReferenceFrameRate":25,"Profile":"High","Type":"Video","AspectRatio":"16:9","Index":0,"IsExternal":false,"IsTextSubtitleStream":false,"SupportsExternalStream":false,"PixelFormat":"yuv420p","Level":31,"IsAnamorphic":false},{"Codec":"aac","TimeBase":"1/90000","VideoRange":"Unknown","VideoRangeType":"Unknown","AudioSpatialFormat":"None","LocalizedDefault":"Varsay\u0131lan","LocalizedExternal":"Harici","DisplayTitle":"AAC - Stereo","IsInterlaced":false,"IsAVC":false,"ChannelLayout":"stereo","BitRate":161557,"Channels":2,"SampleRate":48000,"IsDefault":false,"IsForced":false,"IsHearingImpaired":false,"Profile":"LC","Type":"Audio","Index":1,"IsExternal":false,"IsTextSubtitleStream":false,"SupportsExternalStream":false,"Level":0}],"MediaAttachments":[],"Formats":[],"Bitrate":161557,"RequiredHttpHeaders":{},"TranscodingSubProtocol":"http","HasSegments":false}