{
 "address": "1GnACKctkJrGWHTqxk9T9zXo2bLQc2PDnF",
 "description": "archive of .bit addresses",
 "files": {
  "css/all.css": {
   "sha512": "4866ac7a487287d8f99c6cacd07fe52c89f0525deb7397019254e467080bcd7a",
   "size": 70165
  },
  "data/names.json": {
   "sha512": "1822870f03224006858b0d733a2e6cfd735b8e96433ff6d75e14409b862296c0",
   "size": 420563
  },
  "index.html": {
   "sha512": "c9f265514b177cc034861d502c8e7883cc8749e513bfde6e63ca23e4b280f72a",
   "size": 873
  },
  "js/all.js": {
   "sha512": "534cf87a30aac9935aa44ac543c0163b3ef63e7b3238cbf0067b4816395ae5ef",
   "size": 91211
  }
 },
 "ignore": "(js|css)/(?!all.(js|css))",
 "inner_path": "content.json",
 "modified": 1668963290,
 "signers_sign": "HMWcjTd+CcNBqfKBpukIrOx1E4AT82YXNKVQrbMP85LudNwp61XfOlzkBFgpRBd4C5uXm7B2Y62J4opHtpbc/ss=",
 "signs": {"1GnACKctkJrGWHTqxk9T9zXo2bLQc2PDnF": "G8vYBMZePwWMZQ053zgiwyzu5hqyRDFHSwNW77xn83weBkTVIFVdakq1qU0NYACTy07/daixQnVTADUXleFgtrw="},
 "signs_required": 1,
 "title": "0name archive",
 "zeronet_version": "conservancy"
}