{
  "shared": {
    "zero://111.237.115.101:15441": {
      "latency": 99.0,
      "my": false,
      "num_error": 0,
      "time_added": 1744214513.2108018,
      "time_found": 1744214823.6529605,
      "time_success": 0
    },
    "zero://127.0.0.1:15441": {
      "latency": 99.0,
      "my": false,
      "num_error": 0,
      "time_added": 1744214823.5550537,
      "time_found": 1744214823.5552084,
      "time_success": 0
    },
    "zero://142.93.214.236:24295": {
      "latency": 0.7872517108917236,
      "my": false,
      "num_error": 0,
      "time_added": 1744214513.2475982,
      "time_found": 1744214823.612541,
      "time_success": 1744214515.983973
    },
    "zero://143.244.177.23:22930": {
      "latency": 0.7625048160552979,
      "my": false,
      "num_error": 0,
      "time_added": 1744214513.2879875,
      "time_found": 1744214823.652962,
      "time_success": 1744214515.9597983
    },
    "zero://145.239.95.38:15441": {
      "latency": 99.0,
      "my": false,
      "num_error": 0,
      "time_added": 1744214823.5842798,
      "time_found": 1744214823.6529639,
      "time_success": 0
    },
    "zero://165.227.80.63:26117": {
      "latency": 99.0,
      "my": false,
      "num_error": 0,
      "time_added": 1744214823.6125455,
      "time_found": 1744214823.652965,
      "time_success": 0
    },
    "zero://5vczpwawviukvd7grfhsfxp7a6huz77hlis4fstjkym5kmf4pu7i7myd.onion:15441": {
      "latency": 99.0,
      "my": false,
      "num_error": 0,
      "time_added": 1744214823.6529665,
      "time_found": 1744214823.6531057,
      "time_success": 0
    }
  }
}