<?xml version="1.0" encoding="utf-8"?>
<LiveTvOptions xmlns:xsi="http://www.w3.org/2001/XMLSchema-instance" xmlns:xsd="http://www.w3.org/2001/XMLSchema">
  <GuideDays xsi:nil="true" />
  <EnableRecordingSubfolders>false</EnableRecordingSubfolders>
  <EnableOriginalAudioWithEncodedRecordings>false</EnableOriginalAudioWithEncodedRecordings>
  <TunerHosts>
    <TunerHostInfo>
      <Id>547d790103154fb89a85c09ef545839b</Id>
      <Url>/data/movies/spor.m3u</Url>
      <Type>m3u</Type>
      <ImportFavoritesOnly>false</ImportFavoritesOnly>
      <AllowHWTranscoding>false</AllowHWTranscoding>
      <AllowFmp4TranscodingContainer>false</AllowFmp4TranscodingContainer>
      <AllowStreamSharing>true</AllowStreamSharing>
      <FallbackMaxStreamingBitrate>30000000</FallbackMaxStreamingBitrate>
      <EnableStreamLooping>false</EnableStreamLooping>
      <TunerCount>0</TunerCount>
      <IgnoreDts>true</IgnoreDts>
    </TunerHostInfo>
  </TunerHosts>
  <ListingProviders />
  <PrePaddingSeconds>0</PrePaddingSeconds>
  <PostPaddingSeconds>0</PostPaddingSeconds>
  <MediaLocationsCreated />
  <RecordingPostProcessorArguments>"{path}"</RecordingPostProcessorArguments>
  <SaveRecordingNFO>true</SaveRecordingNFO>
  <SaveRecordingImages>true</SaveRecordingImages>
</LiveTvOptions>