﻿<?xml version="1.0" encoding="utf-8"?>
<key id="9d7a751b-a482-45f1-a9db-275cd811fa87" version="1">
  <creationDate>2025-04-11T14:41:01.6983326Z</creationDate>
  <activationDate>2025-04-11T14:41:01.6942075Z</activationDate>
  <expirationDate>2025-07-10T14:41:01.6942075Z</expirationDate>
  <descriptor deserializerType="Microsoft.AspNetCore.DataProtection.AuthenticatedEncryption.ConfigurationModel.AuthenticatedEncryptorDescriptorDeserializer, Microsoft.AspNetCore.DataProtection, Version=8.0.0.0, Culture=neutral, PublicKeyToken=adb9793829ddae60">
    <descriptor>
      <encryption algorithm="AES_256_CBC" />
      <validation algorithm="HMACSHA256" />
      <masterKey p4:requiresEncryption="true" xmlns:p4="http://schemas.asp.net/2015/03/dataProtection">
        <!-- Warning: the key below is in an unencrypted form. -->
        <value>m3lqmCDuakeZ8YPkWkfScsqREhc1vszhvbcZfDUi1wYV2pNM2dA8K6mBuv0sz5S6+vyRkw2Hr6TdRKwixeHymg==</value>
      </masterKey>
    </descriptor>
  </descriptor>
</key>