{
 "15CEFKBRHFfAP9rmL6hhLmHoXrrgmw4B5o": {
  "added": 1744214491,
  "ajax_key": "ac5cb9a5ba1c37744997ebab8c97defa8727f25afa84223d68bb1b41245d45e0",
  "bytes_recv": 178418,
  "cache": {
   "bad_files": {},
   "hashfield": ""
  },
  "downloaded": 1744214511,
  "modified": 1729230184,
  "optional_downloaded": 0,
  "own": false,
  "peers": 90,
  "permissions": [],
  "serving": true,
  "size": 1371178,
  "size_files_optional": 0,
  "size_optional": 32871,
  "wrapper_key": "bac51242d0bbd2f6af72bea0426fecc3f3f7a17deaa5f29593c0d315d98b8abd"
 },
 "191CazMVNaAcT9Y1zhkxd9ixMBPs59g2um": {
  "added": 1744214491,
  "ajax_key": "b2bb0dbc2fd3cabcc73c87d854f6fbfb48d0a0039e53006cfc019e39bb367662",
  "cache": {
   "bad_files": {},
   "hashfield": ""
  },
  "downloaded": null,
  "modified": 1656369111,
  "optional_downloaded": 0,
  "own": false,
  "peers": 39,
  "permissions": [],
  "serving": true,
  "size": 922079,
  "size_files_optional": 0,
  "size_optional": 0,
  "wrapper_key": "b3211c759936a38e09e4a876361254c9ac37c5010cd386f12d10813c8788173e"
 },
 "1GnACKctkJrGWHTqxk9T9zXo2bLQc2PDnF": {
  "added": 1744214491,
  "ajax_key": "015d1acb397eec6503fb0effb9e18f614c989a1fbddf9509129d46e06161729c",
  "cache": {
   "bad_files": {},
   "hashfield": ""
  },
  "downloaded": null,
  "modified": 1668963290,
  "optional_downloaded": 0,
  "own": false,
  "peers": 32,
  "permissions": [],
  "serving": true,
  "size": 583843,
  "size_files_optional": 0,
  "size_optional": 0,
  "wrapper_key": "6bbee6d79fc1be4cc44580b68c81e01089028f48ecf23a8b2f35f36a009d0c02"
 }
}