{
 "1AUw27qKNuyo3Mxozcr9ZvFhJC38PsTptR": {
  "certs": {},
  "master_seed": "4a4f80f6c52ba1251ffda3a355e5494f91ae414154d2335ff97e2c4cc06ac0c1",
  "settings": {},
  "sites": {
   "15CEFKBRHFfAP9rmL6hhLmHoXrrgmw4B5o": {
    "auth_address": "1AfjXX2QEt9NBskdS2B4wsiXF7QyWvpKKX",
    "auth_privatekey": "5JSpN4ZV1P2PZNYR3XjgUsFBYCyTeAofiAYMVBu7hNzEJEcVo5Q"
   },
   "191CazMVNaAcT9Y1zhkxd9ixMBPs59g2um": {
    "auth_address": "1orYxoF7G2PGKTHhwo5Wj9riXBb3EFJJw",
    "auth_privatekey": "5JNawfsQ5WDmE3r6rrZdgpH7iVhnr5aDMMS7m2nVTWPE4C8JCHB"
   },
   "1GnACKctkJrGWHTqxk9T9zXo2bLQc2PDnF": {
    "auth_address": "13gKFC2vApFpyibeEV5huxFLmjVMj3arHS",
    "auth_privatekey": "5JaSThPmCCk5tM56kCvHohQUr9yc3TBVwgRcpkQ2G6yEGMYqjoY"
   }
  }
 }
}