{
 "address": "15CEFKBRHFfAP9rmL6hhLmHoXrrgmw4B5o",
 "address_index": 56621545,
 "background-color": "#FFF",
 "background-color-dark": "#000",
 "cloneable": true,
 "cloned_from": "1E7wdLyfWBZAJoPtk7t7dxBAdVFDkWpKrX",
 "description": "An automatically updated trackers list.",
 "favicon": "img/Syncronite.png",
 "files": {
  "cache/1/Syncronite.html": {
   "sha512": "ca74d45404938070871a670a817d07c898ac9c16d8bcf2e09d371908646978b6",
   "size": 3169
  },
  "cache/2/Yggdrasil.png": {
   "sha512": "5bc41a3eac43ec2af8a37db22f1db04ffbd96e49bd36526833c75fd01f220284",
   "size": 4160
  },
  "cache/2/color-scheme.js": {
   "sha512": "ff538d4a2d0f528ce6008fc76977d351cb00037e4338af6a26fd2f3c0196cff3",
   "size": 1076
  },
  "cache/2/index.css": {
   "sha512": "fa3587a88dd823c28401854268f9c6d4b10634df4a9a34276a7762fd0c00e309",
   "size": 1357
  },
  "cache/2/index.html": {
   "sha512": "2b00ea8cf6ab53943de9a45116faf2188de0d461c518495654d647482a654386",
   "size": 35370
  },
  "cache/2/index.js": {
   "sha512": "0dfffaff1cc2359baf04b768e133547012070005c65eaf34a57c87a1469e4fd6",
   "size": 696
  },
  "cache/2/publicnodes.json": {
   "sha512": "3b5d712ae1da388edf1d181a11753c1db1cd82568a3aaf2a6bcca1a96fc1cc4f",
   "size": 94023
  },
  "img/Disable This.jpg": {
   "sha512": "d5b9a5b9e31d6257986095438eded52e62241f33358d83e33c84c4ede0831a6f",
   "size": 522109
  },
  "img/NameYO.svg": {
   "sha512": "e8901f45b5b8ac3c80d09fe1149939038e25b1d6a294a52f3144689d6f11d193",
   "size": 927
  },
  "img/Syncronite.png": {
   "sha512": "2527b2ce928bfd2c9b823955118b572964f88ed4ee90ec23c405e836630d6586",
   "size": 679555
  },
  "index.html": {
   "sha512": "cb17a01967b5ad2775b885987a18dc165b866b27c930c47747ed94ca51cbd005",
   "size": 7806
  },
  "js/ZeroFrame.js": {
   "sha512": "76a24d167e8a4c45f7d1b315efe31e4b4ccb19efef011c080994c94045ff4c93",
   "size": 5088
  },
  "js/color-scheme.js": {
   "sha512": "20e26afbdfaad3c6ba7488f289668eefae3af66505f23992677a4a44f92d137f",
   "size": 705
  },
  "scripts/crontab -e.txt": {
   "sha512": "9b01b2fe43e731c852edd52cd47940601601fbe2ac3067938071605ee270de34",
   "size": 505
  },
  "scripts/syncronite.py": {
   "sha512": "b27d422b86a7454e1b74951a1caa715b6adc4f4f6de388106fb3450a9677dc89",
   "size": 11566
  }
 },
 "files_optional": {
  "data/data.json": {
   "sha512": "5da3ddfde6a0abb3c5fe15e57941ef66108979ed68211d0910068520b64a5386",
   "size": 103
  },
  "data/zeroapp.db": {
   "sha512": "28fee03186a51377dc0a4c5cf0351fd01aa43dff71eb583bc86fae39b5a2a077",
   "size": 32768
  }
 },
 "ignore": "",
 "inner_path": "content.json",
 "modified": 1729230184,
 "optional": "data/.*",
 "postmessage_nonce_security": true,
 "signers_sign": "G0GYPEggn/fL9bLO0aB3uoGK4vs+smPGlgSW0q4LuOQoXgjqPHuX/6euS4uFFc24+bc2evK31G7My3Y/WNBNJsI=",
 "signs": {"15CEFKBRHFfAP9rmL6hhLmHoXrrgmw4B5o": "G8Pubqe0LsGBe4gvDjaxjq0nXPVwNTTcWVhGNaTdSQ+aVp9NnvAGSdwhkZxGlvqBTD5mCdZm6K3WDSqPDqA4lWM="},
 "signs_required": 1,
 "title": "Syncronite",
 "viewport": "width=device-width, initial-scale=0.8, user-scalable=0",
 "zeronet_version": "conservancy"
}